year,venue,count
2020,CVPR,0
2020,CVPR Findings,0
2020,ICCV,0
2020,ECCV,0
2020,NeurIPS,0
2020,ICML,0
2020,ICLR,0
2020,AAAI,0
2020,ACM MM,0
2021,CVPR,0
2021,CVPR Findings,0
2021,ICCV,0
2021,ECCV,0
2021,NeurIPS,0
2021,ICML,0
2021,ICLR,0
2021,AAAI,0
2021,ACM MM,0
2022,CVPR,0
2022,CVPR Findings,0
2022,ICCV,0
2022,ECCV,0
2022,NeurIPS,0
2022,ICML,0
2022,ICLR,0
2022,AAAI,0
2022,ACM MM,0
2023,CVPR,1
2023,CVPR Findings,0
2023,ICCV,1
2023,ECCV,0
2023,NeurIPS,0
2023,ICML,1
2023,ICLR,0
2023,AAAI,0
2023,ACM MM,0
2024,CVPR,2
2024,CVPR Findings,0
2024,ICCV,0
2024,ECCV,3
2024,NeurIPS,1
2024,ICML,1
2024,ICLR,0
2024,AAAI,0
2024,ACM MM,0
2025,CVPR,10
2025,CVPR Findings,0
2025,ICCV,2
2025,ECCV,0
2025,NeurIPS,1
2025,ICML,1
2025,ICLR,1
2025,AAAI,1
2025,ACM MM,0
2026,CVPR,0
2026,CVPR Findings,2
2026,ICCV,0
2026,ECCV,0
2026,NeurIPS,0
2026,ICML,0
2026,ICLR,4
2026,AAAI,6
2026,ACM MM,0
